loot_table_id,tier,source_jar
discerning_the_eldritch:chests/blood_cultist_hut/bloody_chest,early_mid,discerning_the_eldritch-1.4.4-1.21.jar
discerning_the_eldritch:chests/blood_cultist_hut/generic_blood_loot,early_mid,discerning_the_eldritch-1.4.4-1.21.jar
discerning_the_eldritch:chests/city_items,early_mid,discerning_the_eldritch-1.4.4-1.21.jar
discerning_the_eldritch:chests/cultist_base/ascended_vault,early_mid,discerning_the_eldritch-1.4.4-1.21.jar
discerning_the_eldritch:chests/cultist_base/catacomb_loot,early_mid,discerning_the_eldritch-1.4.4-1.21.jar
discerning_the_eldritch:chests/cultist_base/cultist_vault,early_mid,discerning_the_eldritch-1.4.4-1.21.jar
discerning_the_eldritch:chests/cultist_base/garden_loot,early_mid,discerning_the_eldritch-1.4.4-1.21.jar
discerning_the_eldritch:chests/cultist_base/hallway_loot,early_mid,discerning_the_eldritch-1.4.4-1.21.jar
discerning_the_eldritch:chests/cultist_base/kitchen_loot,early_mid,discerning_the_eldritch-1.4.4-1.21.jar
discerning_the_eldritch:chests/cultist_base/lab_barrel,early_mid,discerning_the_eldritch-1.4.4-1.21.jar
discerning_the_eldritch:chests/cultist_base/lab_chest,early_mid,discerning_the_eldritch-1.4.4-1.21.jar
discerning_the_eldritch:chests/cultist_base/library_loot,early_mid,discerning_the_eldritch-1.4.4-1.21.jar
discerning_the_eldritch:chests/cultist_base/quality_treasure_loot,late,discerning_the_eldritch-1.4.4-1.21.jar
discerning_the_eldritch:chests/cultist_base/treasure_loot,late,discerning_the_eldritch-1.4.4-1.21.jar
discerning_the_eldritch:chests/electromancer_tower/electromancer_chest,mid_late,discerning_the_eldritch-1.4.4-1.21.jar
discerning_the_eldritch:chests/rift_ripper_emblem,early_mid,discerning_the_eldritch-1.4.4-1.21.jar
discerning_the_eldritch:chests/trial_chambers/ironbound_feather,early_mid,discerning_the_eldritch-1.4.4-1.21.jar
dungeons_arise:chests/abandoned_temple/abandoned_temple_entrance,mid_late,DungeonsArise-1.21.1-2.1.68-release.jar
dungeons_arise:chests/abandoned_temple/abandoned_temple_map,mid_late,DungeonsArise-1.21.1-2.1.68-release.jar
dungeons_arise:chests/abandoned_temple/abandoned_temple_top,mid_late,DungeonsArise-1.21.1-2.1.68-release.jar
dungeons_arise:chests/aviary/aviary_barrels,mid_late,DungeonsArise-1.21.1-2.1.68-release.jar
dungeons_arise:chests/aviary/aviary_normal,mid_late,DungeonsArise-1.21.1-2.1.68-release.jar
dungeons_arise:chests/aviary/aviary_treasure,late,DungeonsArise-1.21.1-2.1.68-release.jar
dungeons_arise:chests/bandit_towers/bandit_towers_barrels,mid_late,DungeonsArise-1.21.1-2.1.68-release.jar
dungeons_arise:chests/bandit_towers/bandit_towers_gardens,mid_late,DungeonsArise-1.21.1-2.1.68-release.jar
dungeons_arise:chests/bandit_towers/bandit_towers_normal,mid_late,DungeonsArise-1.21.1-2.1.68-release.jar
dungeons_arise:chests/bandit_towers/bandit_towers_rooms,mid_late,DungeonsArise-1.21.1-2.1.68-release.jar
dungeons_arise:chests/bandit_towers/bandit_towers_supply,mid_late,DungeonsArise-1.21.1-2.1.68-release.jar
dungeons_arise:chests/bandit_towers/bandit_towers_treasure,late,DungeonsArise-1.21.1-2.1.68-release.jar
dungeons_arise:chests/bandit_village/bandit_village_barrels,mid_late,DungeonsArise-1.21.1-2.1.68-release.jar
dungeons_arise:chests/bandit_village/bandit_village_normal,mid_late,DungeonsArise-1.21.1-2.1.68-release.jar
dungeons_arise:chests/bandit_village/bandit_village_supply,mid_late,DungeonsArise-1.21.1-2.1.68-release.jar
dungeons_arise:chests/bandit_village/bandit_village_tents,mid_late,DungeonsArise-1.21.1-2.1.68-release.jar
dungeons_arise:chests/bathhouse/bathhouse_barrels,mid_late,DungeonsArise-1.21.1-2.1.68-release.jar
dungeons_arise:chests/bathhouse/bathhouse_normal,mid_late,DungeonsArise-1.21.1-2.1.68-release.jar
dungeons_arise:chests/ceryneian_hind/ceryneian_hind_treasure,late,DungeonsArise-1.21.1-2.1.68-release.jar
dungeons_arise:chests/fishing_hut/fishing_hut_barrels,mid_late,DungeonsArise-1.21.1-2.1.68-release.jar
dungeons_arise:chests/foundry/foundry_chains,mid_late,DungeonsArise-1.21.1-2.1.68-release.jar
dungeons_arise:chests/foundry/foundry_lava_pit,mid_late,DungeonsArise-1.21.1-2.1.68-release.jar
dungeons_arise:chests/foundry/foundry_normal,mid_late,DungeonsArise-1.21.1-2.1.68-release.jar
