model_candidate_not_verified_registry_id,mod
arcanethyst,simplyswords
awakened_lichblade,simplyswords
big_handheld,simplyswords
bloodwake,simplyswords
bramblethorn,simplyswords
brimstone_claymore,simplyswords
caelestis,simplyswords
chompolotl,simplyswords
contained_remnant,simplyswords
dawnquiver,simplyswords
decaying_relic,simplyswords
diamond_chakram,simplyswords
diamond_claymore,simplyswords
diamond_cutlass,simplyswords
diamond_glaive,simplyswords
diamond_greataxe,simplyswords
diamond_greathammer,simplyswords
diamond_halberd,simplyswords
diamond_katana,simplyswords
diamond_longsword,simplyswords
diamond_rapier,simplyswords
diamond_sai,simplyswords
diamond_scythe,simplyswords
diamond_spear,simplyswords
diamond_twinblade,simplyswords
diamond_warglaive,simplyswords
dormant_relic,simplyswords
dreadtide,simplyswords
dreadwhisper,simplyswords
emberblade,simplyswords
emberlash,simplyswords
empowered_remnant,simplyswords
enigma,simplyswords
flamewind,simplyswords
frostfall,simplyswords
gloampiercer,simplyswords
gobber_compat/gobber/gobber_chakram,simplyswords
gobber_compat/gobber/gobber_claymore,simplyswords
gobber_compat/gobber/gobber_cutlass,simplyswords
gobber_compat/gobber/gobber_glaive,simplyswords
gobber_compat/gobber/gobber_greataxe,simplyswords
gobber_compat/gobber/gobber_greathammer,simplyswords
gobber_compat/gobber/gobber_halberd,simplyswords
gobber_compat/gobber/gobber_katana,simplyswords
gobber_compat/gobber/gobber_longsword,simplyswords
gobber_compat/gobber/gobber_rapier,simplyswords
gobber_compat/gobber/gobber_sai,simplyswords
gobber_compat/gobber/gobber_scythe,simplyswords
gobber_compat/gobber/gobber_spear,simplyswords
gobber_compat/gobber/gobber_twinblade,simplyswords
gobber_compat/gobber/gobber_warglaive,simplyswords
gobber_compat/gobber_end/gobber_end_chakram,simplyswords
gobber_compat/gobber_end/gobber_end_claymore,simplyswords
gobber_compat/gobber_end/gobber_end_cutlass,simplyswords
gobber_compat/gobber_end/gobber_end_glaive,simplyswords
gobber_compat/gobber_end/gobber_end_greataxe,simplyswords
gobber_compat/gobber_end/gobber_end_greathammer,simplyswords
gobber_compat/gobber_end/gobber_end_halberd,simplyswords
gobber_compat/gobber_end/gobber_end_katana,simplyswords
gobber_compat/gobber_end/gobber_end_longsword,simplyswords
gobber_compat/gobber_end/gobber_end_rapier,simplyswords
gobber_compat/gobber_end/gobber_end_sai,simplyswords
gobber_compat/gobber_end/gobber_end_scythe,simplyswords
gobber_compat/gobber_end/gobber_end_spear,simplyswords
gobber_compat/gobber_end/gobber_end_twinblade,simplyswords
gobber_compat/gobber_end/gobber_end_warglaive,simplyswords
gobber_compat/gobber_nether/gobber_nether_chakram,simplyswords
gobber_compat/gobber_nether/gobber_nether_claymore,simplyswords
gobber_compat/gobber_nether/gobber_nether_cutlass,simplyswords
gobber_compat/gobber_nether/gobber_nether_glaive,simplyswords
gobber_compat/gobber_nether/gobber_nether_greataxe,simplyswords
gobber_compat/gobber_nether/gobber_nether_greathammer,simplyswords
gobber_compat/gobber_nether/gobber_nether_halberd,simplyswords
gobber_compat/gobber_nether/gobber_nether_katana,simplyswords
gobber_compat/gobber_nether/gobber_nether_longsword,simplyswords
gobber_compat/gobber_nether/gobber_nether_rapier,simplyswords
gobber_compat/gobber_nether/gobber_nether_sai,simplyswords
gobber_compat/gobber_nether/gobber_nether_scythe,simplyswords
gobber_compat/gobber_nether/gobber_nether_spear,simplyswords
gobber_compat/gobber_nether/gobber_nether_twinblade,simplyswords
gobber_compat/gobber_nether/gobber_nether_warglaive,simplyswords
gold_chakram,simplyswords
gold_claymore,simplyswords
gold_cutlass,simplyswords
gold_glaive,simplyswords
gold_greataxe,simplyswords
gold_greathammer,simplyswords
gold_halberd,simplyswords
gold_katana,simplyswords
gold_longsword,simplyswords
gold_rapier,simplyswords
gold_sai,simplyswords
gold_scythe,simplyswords
gold_spear,simplyswords
gold_twinblade,simplyswords
gold_warglaive,simplyswords
harbinger,simplyswords
hearthflame,simplyswords
hiveheart,simplyswords
icewhisper,simplyswords
ionbound_stormscale,simplyswords
iron_chakram,simplyswords
iron_claymore,simplyswords
iron_cutlass,simplyswords
iron_glaive,simplyswords
iron_greataxe,simplyswords
iron_greathammer,simplyswords
iron_halberd,simplyswords
iron_katana,simplyswords
iron_longsword,simplyswords
iron_rapier,simplyswords
iron_sai,simplyswords
iron_scythe,simplyswords
iron_spear,simplyswords
iron_twinblade,simplyswords
iron_warglaive,simplyswords
livyatan,simplyswords
long_handheld,simplyswords
magiblade,simplyswords
magiscythe,simplyswords
magispear,simplyswords
mjolnir,simplyswords
molten_edge,simplyswords
mythicmetals_compat/adamantite/adamantite_chakram,simplyswords
mythicmetals_compat/adamantite/adamantite_claymore,simplyswords
mythicmetals_compat/adamantite/adamantite_cutlass,simplyswords
mythicmetals_compat/adamantite/adamantite_glaive,simplyswords
mythicmetals_compat/adamantite/adamantite_greataxe,simplyswords
mythicmetals_compat/adamantite/adamantite_greathammer,simplyswords
mythicmetals_compat/adamantite/adamantite_halberd,simplyswords
mythicmetals_compat/adamantite/adamantite_katana,simplyswords
mythicmetals_compat/adamantite/adamantite_longsword,simplyswords
mythicmetals_compat/adamantite/adamantite_rapier,simplyswords
mythicmetals_compat/adamantite/adamantite_sai,simplyswords
mythicmetals_compat/adamantite/adamantite_scythe,simplyswords
mythicmetals_compat/adamantite/adamantite_spear,simplyswords
mythicmetals_compat/adamantite/adamantite_twinblade,simplyswords
mythicmetals_compat/adamantite/adamantite_warglaive,simplyswords
mythicmetals_compat/aquarium/aquarium_chakram,simplyswords
mythicmetals_compat/aquarium/aquarium_claymore,simplyswords
mythicmetals_compat/aquarium/aquarium_cutlass,simplyswords
mythicmetals_compat/aquarium/aquarium_glaive,simplyswords
mythicmetals_compat/aquarium/aquarium_greataxe,simplyswords
mythicmetals_compat/aquarium/aquarium_greathammer,simplyswords
mythicmetals_compat/aquarium/aquarium_halberd,simplyswords
mythicmetals_compat/aquarium/aquarium_katana,simplyswords
mythicmetals_compat/aquarium/aquarium_longsword,simplyswords
mythicmetals_compat/aquarium/aquarium_rapier,simplyswords
mythicmetals_compat/aquarium/aquarium_sai,simplyswords
mythicmetals_compat/aquarium/aquarium_scythe,simplyswords
mythicmetals_compat/aquarium/aquarium_spear,simplyswords
mythicmetals_compat/aquarium/aquarium_twinblade,simplyswords
mythicmetals_compat/aquarium/aquarium_warglaive,simplyswords
mythicmetals_compat/banglum/banglum_chakram,simplyswords
mythicmetals_compat/banglum/banglum_claymore,simplyswords
mythicmetals_compat/banglum/banglum_cutlass,simplyswords
mythicmetals_compat/banglum/banglum_glaive,simplyswords
mythicmetals_compat/banglum/banglum_greataxe,simplyswords
mythicmetals_compat/banglum/banglum_greathammer,simplyswords
mythicmetals_compat/banglum/banglum_halberd,simplyswords
mythicmetals_compat/banglum/banglum_katana,simplyswords
mythicmetals_compat/banglum/banglum_longsword,simplyswords
mythicmetals_compat/banglum/banglum_rapier,simplyswords
mythicmetals_compat/banglum/banglum_sai,simplyswords
mythicmetals_compat/banglum/banglum_scythe,simplyswords
mythicmetals_compat/banglum/banglum_spear,simplyswords
mythicmetals_compat/banglum/banglum_twinblade,simplyswords
mythicmetals_compat/banglum/banglum_warglaive,simplyswords
mythicmetals_compat/bronze/bronze_chakram,simplyswords
mythicmetals_compat/bronze/bronze_claymore,simplyswords
mythicmetals_compat/bronze/bronze_cutlass,simplyswords
mythicmetals_compat/bronze/bronze_glaive,simplyswords
mythicmetals_compat/bronze/bronze_greataxe,simplyswords
mythicmetals_compat/bronze/bronze_greathammer,simplyswords
mythicmetals_compat/bronze/bronze_halberd,simplyswords
mythicmetals_compat/bronze/bronze_katana,simplyswords
mythicmetals_compat/bronze/bronze_longsword,simplyswords
mythicmetals_compat/bronze/bronze_rapier,simplyswords
mythicmetals_compat/bronze/bronze_sai,simplyswords
mythicmetals_compat/bronze/bronze_scythe,simplyswords
mythicmetals_compat/bronze/bronze_spear,simplyswords
mythicmetals_compat/bronze/bronze_twinblade,simplyswords
mythicmetals_compat/bronze/bronze_warglaive,simplyswords
mythicmetals_compat/carmot/carmot_chakram,simplyswords
mythicmetals_compat/carmot/carmot_claymore,simplyswords
mythicmetals_compat/carmot/carmot_cutlass,simplyswords
mythicmetals_compat/carmot/carmot_glaive,simplyswords
mythicmetals_compat/carmot/carmot_greataxe,simplyswords
mythicmetals_compat/carmot/carmot_greathammer,simplyswords
mythicmetals_compat/carmot/carmot_halberd,simplyswords
mythicmetals_compat/carmot/carmot_katana,simplyswords
mythicmetals_compat/carmot/carmot_longsword,simplyswords
mythicmetals_compat/carmot/carmot_rapier,simplyswords
mythicmetals_compat/carmot/carmot_sai,simplyswords
mythicmetals_compat/carmot/carmot_scythe,simplyswords
mythicmetals_compat/carmot/carmot_spear,simplyswords
mythicmetals_compat/carmot/carmot_twinblade,simplyswords
mythicmetals_compat/carmot/carmot_warglaive,simplyswords
mythicmetals_compat/celestium/celestium_chakram,simplyswords
mythicmetals_compat/celestium/celestium_claymore,simplyswords
mythicmetals_compat/celestium/celestium_cutlass,simplyswords
mythicmetals_compat/celestium/celestium_glaive,simplyswords
mythicmetals_compat/celestium/celestium_greataxe,simplyswords
mythicmetals_compat/celestium/celestium_greathammer,simplyswords
mythicmetals_compat/celestium/celestium_halberd,simplyswords
mythicmetals_compat/celestium/celestium_katana,simplyswords
mythicmetals_compat/celestium/celestium_longsword,simplyswords
mythicmetals_compat/celestium/celestium_rapier,simplyswords
mythicmetals_compat/celestium/celestium_sai,simplyswords
mythicmetals_compat/celestium/celestium_scythe,simplyswords
mythicmetals_compat/celestium/celestium_spear,simplyswords
mythicmetals_compat/celestium/celestium_twinblade,simplyswords
mythicmetals_compat/celestium/celestium_warglaive,simplyswords
mythicmetals_compat/copper/copper_claymore,simplyswords
mythicmetals_compat/copper/copper_longsword,simplyswords
mythicmetals_compat/durasteel/durasteel_greathammer,simplyswords
mythicmetals_compat/kyber/kyber_chakram,simplyswords
mythicmetals_compat/kyber/kyber_claymore,simplyswords
mythicmetals_compat/kyber/kyber_cutlass,simplyswords
mythicmetals_compat/kyber/kyber_glaive,simplyswords
mythicmetals_compat/kyber/kyber_greataxe,simplyswords
mythicmetals_compat/kyber/kyber_greathammer,simplyswords
mythicmetals_compat/kyber/kyber_halberd,simplyswords
mythicmetals_compat/kyber/kyber_katana,simplyswords
mythicmetals_compat/kyber/kyber_longsword,simplyswords
mythicmetals_compat/kyber/kyber_rapier,simplyswords
mythicmetals_compat/kyber/kyber_sai,simplyswords
mythicmetals_compat/kyber/kyber_scythe,simplyswords
mythicmetals_compat/kyber/kyber_spear,simplyswords
mythicmetals_compat/kyber/kyber_twinblade,simplyswords
mythicmetals_compat/kyber/kyber_warglaive,simplyswords
mythicmetals_compat/metallurgium/metallurgium_chakram,simplyswords
mythicmetals_compat/metallurgium/metallurgium_claymore,simplyswords
mythicmetals_compat/metallurgium/metallurgium_cutlass,simplyswords
mythicmetals_compat/metallurgium/metallurgium_glaive,simplyswords
mythicmetals_compat/metallurgium/metallurgium_greataxe,simplyswords
mythicmetals_compat/metallurgium/metallurgium_greathammer,simplyswords
mythicmetals_compat/metallurgium/metallurgium_halberd,simplyswords
mythicmetals_compat/metallurgium/metallurgium_katana,simplyswords
mythicmetals_compat/metallurgium/metallurgium_longsword,simplyswords
mythicmetals_compat/metallurgium/metallurgium_rapier,simplyswords
mythicmetals_compat/metallurgium/metallurgium_sai,simplyswords
mythicmetals_compat/metallurgium/metallurgium_scythe,simplyswords
mythicmetals_compat/metallurgium/metallurgium_spear,simplyswords
mythicmetals_compat/metallurgium/metallurgium_twinblade,simplyswords
mythicmetals_compat/metallurgium/metallurgium_warglaive,simplyswords
mythicmetals_compat/mythril/mythril_chakram,simplyswords
mythicmetals_compat/mythril/mythril_claymore,simplyswords
mythicmetals_compat/mythril/mythril_cutlass,simplyswords
mythicmetals_compat/mythril/mythril_glaive,simplyswords
mythicmetals_compat/mythril/mythril_greataxe,simplyswords
mythicmetals_compat/mythril/mythril_greathammer,simplyswords
mythicmetals_compat/mythril/mythril_halberd,simplyswords
mythicmetals_compat/mythril/mythril_katana,simplyswords
mythicmetals_compat/mythril/mythril_longsword,simplyswords
mythicmetals_compat/mythril/mythril_rapier,simplyswords
mythicmetals_compat/mythril/mythril_sai,simplyswords
mythicmetals_compat/mythril/mythril_scythe,simplyswords
mythicmetals_compat/mythril/mythril_spear,simplyswords
mythicmetals_compat/mythril/mythril_twinblade,simplyswords
mythicmetals_compat/mythril/mythril_warglaive,simplyswords
mythicmetals_compat/orichalcum/orichalcum_chakram,simplyswords
mythicmetals_compat/orichalcum/orichalcum_claymore,simplyswords
mythicmetals_compat/orichalcum/orichalcum_cutlass,simplyswords
mythicmetals_compat/orichalcum/orichalcum_glaive,simplyswords
mythicmetals_compat/orichalcum/orichalcum_greataxe,simplyswords
mythicmetals_compat/orichalcum/orichalcum_greathammer,simplyswords
mythicmetals_compat/orichalcum/orichalcum_halberd,simplyswords
mythicmetals_compat/orichalcum/orichalcum_katana,simplyswords
mythicmetals_compat/orichalcum/orichalcum_longsword,simplyswords
mythicmetals_compat/orichalcum/orichalcum_rapier,simplyswords
mythicmetals_compat/orichalcum/orichalcum_sai,simplyswords
mythicmetals_compat/orichalcum/orichalcum_scythe,simplyswords
mythicmetals_compat/orichalcum/orichalcum_spear,simplyswords
mythicmetals_compat/orichalcum/orichalcum_twinblade,simplyswords
mythicmetals_compat/orichalcum/orichalcum_warglaive,simplyswords
mythicmetals_compat/osmium/osmium_chakram,simplyswords
mythicmetals_compat/osmium/osmium_claymore,simplyswords
mythicmetals_compat/osmium/osmium_cutlass,simplyswords
mythicmetals_compat/osmium/osmium_glaive,simplyswords
mythicmetals_compat/osmium/osmium_greataxe,simplyswords
mythicmetals_compat/osmium/osmium_greathammer,simplyswords
mythicmetals_compat/osmium/osmium_halberd,simplyswords
mythicmetals_compat/osmium/osmium_katana,simplyswords
mythicmetals_compat/osmium/osmium_longsword,simplyswords
mythicmetals_compat/osmium/osmium_rapier,simplyswords
mythicmetals_compat/osmium/osmium_sai,simplyswords
mythicmetals_compat/osmium/osmium_scythe,simplyswords
mythicmetals_compat/osmium/osmium_spear,simplyswords
mythicmetals_compat/osmium/osmium_twinblade,simplyswords
mythicmetals_compat/osmium/osmium_warglaive,simplyswords
mythicmetals_compat/palladium/palladium_chakram,simplyswords
mythicmetals_compat/palladium/palladium_claymore,simplyswords
mythicmetals_compat/palladium/palladium_cutlass,simplyswords
mythicmetals_compat/palladium/palladium_glaive,simplyswords
mythicmetals_compat/palladium/palladium_greataxe,simplyswords
mythicmetals_compat/palladium/palladium_greathammer,simplyswords
mythicmetals_compat/palladium/palladium_halberd,simplyswords
mythicmetals_compat/palladium/palladium_katana,simplyswords
mythicmetals_compat/palladium/palladium_longsword,simplyswords
mythicmetals_compat/palladium/palladium_rapier,simplyswords
mythicmetals_compat/palladium/palladium_sai,simplyswords
mythicmetals_compat/palladium/palladium_scythe,simplyswords
mythicmetals_compat/palladium/palladium_spear,simplyswords
mythicmetals_compat/palladium/palladium_twinblade,simplyswords
mythicmetals_compat/palladium/palladium_warglaive,simplyswords
mythicmetals_compat/prometheum/prometheum_chakram,simplyswords
mythicmetals_compat/prometheum/prometheum_claymore,simplyswords
mythicmetals_compat/prometheum/prometheum_cutlass,simplyswords
mythicmetals_compat/prometheum/prometheum_glaive,simplyswords
mythicmetals_compat/prometheum/prometheum_greataxe,simplyswords
mythicmetals_compat/prometheum/prometheum_greathammer,simplyswords
mythicmetals_compat/prometheum/prometheum_halberd,simplyswords
mythicmetals_compat/prometheum/prometheum_katana,simplyswords
mythicmetals_compat/prometheum/prometheum_longsword,simplyswords
mythicmetals_compat/prometheum/prometheum_rapier,simplyswords
mythicmetals_compat/prometheum/prometheum_sai,simplyswords
mythicmetals_compat/prometheum/prometheum_scythe,simplyswords
mythicmetals_compat/prometheum/prometheum_spear,simplyswords
mythicmetals_compat/prometheum/prometheum_twinblade,simplyswords
mythicmetals_compat/prometheum/prometheum_warglaive,simplyswords
mythicmetals_compat/quadrillum/quadrillum_chakram,simplyswords
mythicmetals_compat/quadrillum/quadrillum_claymore,simplyswords
mythicmetals_compat/quadrillum/quadrillum_cutlass,simplyswords
mythicmetals_compat/quadrillum/quadrillum_glaive,simplyswords
mythicmetals_compat/quadrillum/quadrillum_greataxe,simplyswords
mythicmetals_compat/quadrillum/quadrillum_greathammer,simplyswords
mythicmetals_compat/quadrillum/quadrillum_halberd,simplyswords
mythicmetals_compat/quadrillum/quadrillum_katana,simplyswords
mythicmetals_compat/quadrillum/quadrillum_longsword,simplyswords
mythicmetals_compat/quadrillum/quadrillum_rapier,simplyswords
mythicmetals_compat/quadrillum/quadrillum_sai,simplyswords
mythicmetals_compat/quadrillum/quadrillum_scythe,simplyswords
mythicmetals_compat/quadrillum/quadrillum_spear,simplyswords
mythicmetals_compat/quadrillum/quadrillum_twinblade,simplyswords
mythicmetals_compat/quadrillum/quadrillum_warglaive,simplyswords
mythicmetals_compat/runite/runite_chakram,simplyswords
mythicmetals_compat/runite/runite_claymore,simplyswords
mythicmetals_compat/runite/runite_cutlass,simplyswords
mythicmetals_compat/runite/runite_glaive,simplyswords
mythicmetals_compat/runite/runite_greataxe,simplyswords
mythicmetals_compat/runite/runite_greathammer,simplyswords
mythicmetals_compat/runite/runite_halberd,simplyswords
mythicmetals_compat/runite/runite_katana,simplyswords
mythicmetals_compat/runite/runite_longsword,simplyswords
mythicmetals_compat/runite/runite_rapier,simplyswords
mythicmetals_compat/runite/runite_sai,simplyswords
mythicmetals_compat/runite/runite_scythe,simplyswords
mythicmetals_compat/runite/runite_spear,simplyswords
mythicmetals_compat/runite/runite_twinblade,simplyswords
mythicmetals_compat/runite/runite_warglaive,simplyswords
mythicmetals_compat/star_platinum/star_platinum_chakram,simplyswords
mythicmetals_compat/star_platinum/star_platinum_claymore,simplyswords
mythicmetals_compat/star_platinum/star_platinum_cutlass,simplyswords
mythicmetals_compat/star_platinum/star_platinum_glaive,simplyswords
mythicmetals_compat/star_platinum/star_platinum_greataxe,simplyswords
mythicmetals_compat/star_platinum/star_platinum_greathammer,simplyswords
mythicmetals_compat/star_platinum/star_platinum_halberd,simplyswords
mythicmetals_compat/star_platinum/star_platinum_katana,simplyswords
mythicmetals_compat/star_platinum/star_platinum_longsword,simplyswords
mythicmetals_compat/star_platinum/star_platinum_rapier,simplyswords
mythicmetals_compat/star_platinum/star_platinum_sai,simplyswords
mythicmetals_compat/star_platinum/star_platinum_scythe,simplyswords
mythicmetals_compat/star_platinum/star_platinum_spear,simplyswords
mythicmetals_compat/star_platinum/star_platinum_twinblade,simplyswords
mythicmetals_compat/star_platinum/star_platinum_warglaive,simplyswords
mythicmetals_compat/steel/steel_chakram,simplyswords
mythicmetals_compat/steel/steel_claymore,simplyswords
mythicmetals_compat/steel/steel_cutlass,simplyswords
mythicmetals_compat/steel/steel_glaive,simplyswords
mythicmetals_compat/steel/steel_greataxe,simplyswords
mythicmetals_compat/steel/steel_greathammer,simplyswords
mythicmetals_compat/steel/steel_halberd,simplyswords
mythicmetals_compat/steel/steel_katana,simplyswords
mythicmetals_compat/steel/steel_longsword,simplyswords
mythicmetals_compat/steel/steel_rapier,simplyswords
mythicmetals_compat/steel/steel_sai,simplyswords
mythicmetals_compat/steel/steel_scythe,simplyswords
mythicmetals_compat/steel/steel_spear,simplyswords
mythicmetals_compat/steel/steel_twinblade,simplyswords
mythicmetals_compat/steel/steel_warglaive,simplyswords
mythicmetals_compat/stormyx/stormyx_chakram,simplyswords
mythicmetals_compat/stormyx/stormyx_claymore,simplyswords
mythicmetals_compat/stormyx/stormyx_cutlass,simplyswords
mythicmetals_compat/stormyx/stormyx_glaive,simplyswords
mythicmetals_compat/stormyx/stormyx_greataxe,simplyswords
mythicmetals_compat/stormyx/stormyx_greathammer,simplyswords
mythicmetals_compat/stormyx/stormyx_halberd,simplyswords
mythicmetals_compat/stormyx/stormyx_katana,simplyswords
mythicmetals_compat/stormyx/stormyx_longsword,simplyswords
mythicmetals_compat/stormyx/stormyx_rapier,simplyswords
mythicmetals_compat/stormyx/stormyx_sai,simplyswords
mythicmetals_compat/stormyx/stormyx_scythe,simplyswords
mythicmetals_compat/stormyx/stormyx_spear,simplyswords
mythicmetals_compat/stormyx/stormyx_twinblade,simplyswords
mythicmetals_compat/stormyx/stormyx_warglaive,simplyswords
netherfused_gem,simplyswords
netherite_chakram,simplyswords
netherite_claymore,simplyswords
netherite_cutlass,simplyswords
netherite_glaive,simplyswords
netherite_greataxe,simplyswords
netherite_greathammer,simplyswords
netherite_halberd,simplyswords
netherite_katana,simplyswords
netherite_longsword,simplyswords
netherite_rapier,simplyswords
netherite_sai,simplyswords
netherite_scythe,simplyswords
netherite_spear,simplyswords
netherite_twinblade,simplyswords
netherite_warglaive,simplyswords
ribboncleaver,simplyswords
riftmane,simplyswords
righteous_relic,simplyswords
runefused_gem,simplyswords
runic_chakram,simplyswords
runic_claymore,simplyswords
runic_cutlass,simplyswords
runic_forge,simplyswords
runic_glaive,simplyswords
runic_greataxe,simplyswords
runic_greathammer,simplyswords
runic_halberd,simplyswords
runic_katana,simplyswords
runic_longsword,simplyswords
runic_rapier,simplyswords
runic_sai,simplyswords
runic_scythe,simplyswords
runic_spear,simplyswords
runic_tablet,simplyswords
runic_twinblade,simplyswords
runic_warglaive,simplyswords
shadowsting,simplyswords
slumbering_lichblade,simplyswords
soulkeeper,simplyswords
soulpyre,simplyswords
soulrender,simplyswords
soulstalker,simplyswords
soulstealer,simplyswords
stars_edge,simplyswords
stormbringer,simplyswords
storms_edge,simplyswords
stormscale,simplyswords
sunfire,simplyswords
sword_on_a_stick,simplyswords
tainted_relic,simplyswords
tampered_remnant,simplyswords
tempest,simplyswords
template_chakram,simplyswords
template_claymore,simplyswords
template_claymore_flipped,simplyswords
template_greathammer,simplyswords
template_katana,simplyswords
template_longdagger,simplyswords
template_longsword,simplyswords
template_longsword_upsidedown,simplyswords
template_reworked_greathammer,simplyswords
template_twinblade,simplyswords
template_warglaive,simplyswords
the_devourer,simplyswords
thunderbrand,simplyswords
toxic_longsword,simplyswords
twisted_blade,simplyswords
waking_lichblade,simplyswords
watcher_claymore,simplyswords
watching_warglaive,simplyswords
waxweaver,simplyswords
whisperwind,simplyswords
wickpiercer,simplyswords
wraithfang,simplyswords
wraithmaw,simplyswords
