loot_table_id,tier,focus,bonus_pools
cataclysm:chests/abandoned,apex,cataclysm,3
cataclysm:chests/abandoned_treasure,apex,cataclysm,3
cataclysm:chests/acropolis_treasure,apex,cataclysm,3
cataclysm:chests/amethyst_nest_chest,apex,cataclysm,3
cataclysm:chests/ancient_factory/ancient_factory,apex,cataclysm,3
cataclysm:chests/burning_arena/burning_arena,apex,cataclysm,3
cataclysm:chests/cursed_pyramid/cursed_pyramid,apex,cataclysm,3
cataclysm:chests/cursed_pyramid/cursed_pyramid_library,apex,cataclysm,3
cataclysm:chests/cursed_pyramid/cursed_pyramid_tomb,apex,cataclysm,3
cataclysm:chests/cursed_pyramid/cursed_pyramid_treasure,apex,cataclysm,3
cataclysm:chests/desert_treasure,apex,cataclysm,3
cataclysm:chests/frosted_prison_treasure,apex,cataclysm,3
cataclysm:chests/frosted_prison_treasure,apex,cataclysm,3
cataclysm:chests/soul_black_smith/soul_black_smith,apex,cataclysm,3
cataclysm:chests/sunken_city/sunken_city_library,apex,cataclysm,3
cataclysm:chests/sunken_city/sunken_city_tools,apex,cataclysm,3
cataclysm:chests/sunken_city/sunken_city_treasure,apex,cataclysm,3
cataclysm_spellbooks:chests/additional_amethyst_nest_loot,early_mid,irons_spellbooks,2
cataclysm_spellbooks:chests/additional_frosted_prison_loot,early_mid,irons_spellbooks,2
idas:chests/abandonedhouse/abandonedhouse,early_mid,ars_nouveau,2
idas:chests/abandonedhouse/abandonedhouse_create,early_mid,ars_nouveau,2
idas:chests/abandonedhouse/abandonedhouse_library,early_mid,ars_nouveau,2
idas:chests/ancient_mines/minesbasic,early_mid,ars_nouveau,2
idas:chests/ancient_mines/minescreate,early_mid,ars_nouveau,2
idas:chests/ancient_mines/mineshall,early_mid,ars_nouveau,2
idas:chests/ancient_portal/ancient_portal_nether,early_mid,ars_nouveau,2
idas:chests/ancient_portal/ancient_portal_overworld,early_mid,ars_nouveau,2
idas:chests/ancient_statue/ancient_statue_jungle,mid,ars_nouveau,2
idas:chests/ancient_statue/ancient_statue_treasure_desert,late,ars_nouveau,3
idas:chests/ancient_statue/ancient_statue_treasure_jungle,late,ars_nouveau,3
idas:chests/ancient_statue/ancient_statue_treasure_plains,late,ars_nouveau,3
idas:chests/apothecary_abode/apothecary_abode,early_mid,ars_nouveau,2
idas:chests/apothecary_abode/apothecary_abode_books,early_mid,ars_nouveau,2
idas:chests/archmages_tower/archmages_tower,mid_late,irons_spellbooks,2
idas:chests/archmages_tower/archmages_tower_library,mid_late,irons_spellbooks,2
idas:chests/archmages_tower/archmages_tower_treasure,late,irons_spellbooks,3
idas:chests/bazaar/bazaar,early_mid,ars_nouveau,2
idas:chests/bazaar/bazaar_food,early_mid,ars_nouveau,2
idas:chests/bazaar/bazaar_tools,early_mid,ars_nouveau,2
idas:chests/bearclaw_inn/bearclaw_inn_bedroom,early_mid,ars_nouveau,2
idas:chests/bearclaw_inn/bearclaw_inn_food,early_mid,ars_nouveau,2
idas:chests/beekeepers_house/beekeepers_bedroom,early_mid,ars_nouveau,2
idas:chests/beekeepers_house/beekeepers_food,early_mid,ars_nouveau,2
idas:chests/beekeepers_house/beekeepers_tools,early_mid,ars_nouveau,2
idas:chests/botanist/botanist,early_mid,ars_nouveau,2
idas:chests/botanist/botanist_bedroom,early_mid,ars_nouveau,2
idas:chests/botanist/botanist_food,early_mid,ars_nouveau,2
idas:chests/brickhouse/brickhouse,early_mid,ars_nouveau,2
idas:chests/brickhouse/brickhouse_library,early_mid,ars_nouveau,2
idas:chests/brickhouse/brickhouse_windmill,early_mid,ars_nouveau,2
idas:chests/castle/castle,early_mid,ars_nouveau,2
idas:chests/castle/castle_bedroom,early_mid,ars_nouveau,2
idas:chests/castle/castle_food,early_mid,ars_nouveau,2
idas:chests/castle/castle_library,early_mid,ars_nouveau,2
idas:chests/castle/castle_throne,early_mid,ars_nouveau,2
idas:chests/collectors_museum/museum_basic,early_mid,ars_nouveau,2
idas:chests/collectors_museum/museum_bedroom,early_mid,ars_nouveau,2
idas:chests/collectors_museum/museum_farm,early_mid,ars_nouveau,2
idas:chests/collectors_museum/museum_food,early_mid,ars_nouveau,2
idas:chests/collectors_museum/museum_jail,early_mid,ars_nouveau,2
idas:chests/collectors_museum/museum_library,early_mid,ars_nouveau,2
idas:chests/collectors_museum/museum_space,early_mid,ars_nouveau,2
idas:chests/collectors_museum/museum_treasure,late,ars_nouveau,3
idas:chests/cottage/cottage,early_mid,ars_nouveau,2
idas:chests/desert_pyramid/desert_pyramid,mid_late,ars_nouveau,2
idas:chests/desert_pyramid/desert_pyramid_library,mid_late,ars_nouveau,2
idas:chests/desert_pyramid/desert_pyramid_surface,mid_late,ars_nouveau,2
idas:chests/desert_pyramid/desert_pyramid_tomb,mid_late,ars_nouveau,2
idas:chests/desert_pyramid/desert_pyramid_tools,mid_late,ars_nouveau,2
idas:chests/desert_pyramid/desert_pyramid_treasure,late,ars_nouveau,3
idas:chests/dig_site/dig_site,early_mid,ars_nouveau,2
idas:chests/dig_site/dig_site_desert,mid,ars_nouveau,2
idas:chests/dig_site/dig_site_tools,early_mid,ars_nouveau,2
idas:chests/dig_site/dig_site_treasure,late,ars_nouveau,3
idas:chests/dread_citadel/dread_citadel,apex,ars_nouveau,3
idas:chests/dread_citadel/dread_citadel_library,apex,ars_nouveau,3
idas:chests/dread_citadel/dread_citadel_throne,apex,ars_nouveau,3
idas:chests/enchantingtower/enchantingtower_basic,mid_late,irons_spellbooks,2
idas:chests/enchantingtower/enchantingtower_basic_ars,mid_late,irons_spellbooks,2
idas:chests/enchantingtower/enchantingtower_library,mid_late,irons_spellbooks,2
idas:chests/enchantingtower/enchantingtower_top,mid_late,irons_spellbooks,2
idas:chests/enchantingtower/enchantingtower_top_ars,mid_late,irons_spellbooks,2
idas:chests/farmhouse/farmhouse,early_mid,ars_nouveau,2
idas:chests/farmhouse/farmhouse_bedroom,early_mid,ars_nouveau,2
idas:chests/farmhouse/farmhouse_food,early_mid,ars_nouveau,2
idas:chests/farmhouse/farmhouse_mill,early_mid,ars_nouveau,2
idas:chests/fishermans_lodge/fishermans_lodge,early_mid,ars_nouveau,2
idas:chests/fishermans_lodge/fishermans_lodge_tools,early_mid,ars_nouveau,2
idas:chests/frozen_crypt/frozen_crypt,mid_late,ars_nouveau,2
idas:chests/haunted_manor/haunted_manor,early_mid,ars_nouveau,2
idas:chests/haunted_manor/haunted_manor_library,early_mid,ars_nouveau,2
idas:chests/haunted_manor/haunted_manor_tools,early_mid,ars_nouveau,2
idas:chests/haunted_manor/haunted_manor_treasure,late,ars_nouveau,3
idas:chests/haunted_manor/if_haunted_manor,early_mid,ars_nouveau,2
idas:chests/hermits_hollow/hollow_bedroom,early_mid,ars_nouveau,2
idas:chests/hermits_hollow/hollow_food,early_mid,ars_nouveau,2
idas:chests/hunters_cabin/hunters_cabin,early_mid,ars_nouveau,2
idas:chests/hunters_cabin/hunters_cabin_library,early_mid,ars_nouveau,2
idas:chests/hunters_cabin/hunters_cabin_tools,early_mid,ars_nouveau,2
idas:chests/labyrinth/if_labyrinth_tomb,early_mid,ars_nouveau,2
idas:chests/labyrinth/labyrinth,early_mid,ars_nouveau,2
idas:chests/labyrinth/labyrinth_croc,early_mid,ars_nouveau,2
idas:chests/labyrinth/labyrinth_library,early_mid,ars_nouveau,2
idas:chests/labyrinth/labyrinth_tomb,early_mid,ars_nouveau,2
idas:chests/labyrinth/labyrinth_treasure,late,ars_nouveau,3
idas:chests/mason_house/mason_house,early_mid,ars_nouveau,2
idas:chests/mason_house/mason_house_bedroom,early_mid,ars_nouveau,2
idas:chests/mason_house/mason_house_food,early_mid,ars_nouveau,2
idas:chests/necromancers_spire/necromancers_spire,early_mid,ars_nouveau,2
idas:chests/nexus/nexus,early_mid,ars_nouveau,2
idas:chests/pillager_camp/pillager_camp,early_mid,ars_nouveau,2
idas:chests/pillager_fortress/pillager_basic,late,ars_nouveau,3
idas:chests/pillager_fortress/pillager_bedroom,late,ars_nouveau,3
idas:chests/pillager_fortress/pillager_jail,late,ars_nouveau,3
idas:chests/pillager_fortress/pillager_library,late,ars_nouveau,3
idas:chests/pumpkin_cafe/pumpkin_cafe,early_mid,ars_nouveau,2
idas:chests/pumpkin_cafe/pumpkin_cafe_bedroom,early_mid,ars_nouveau,2
idas:chests/pumpkin_cafe/pumpkin_cafe_kitchen,early_mid,ars_nouveau,2
idas:chests/pumpkin_cafe/pumpkin_cafe_storage,early_mid,ars_nouveau,2
idas:chests/pumpkin_cafe/pumpkin_cafe_treasure,late,ars_nouveau,3
idas:chests/redhorn_guild/redhorn_guild,early_mid,ars_nouveau,2
idas:chests/redhorn_guild/redhorn_guild_bedroom,early_mid,ars_nouveau,2
idas:chests/redhorn_guild/redhorn_guild_tools,early_mid,ars_nouveau,2
idas:chests/ruined_church/ruined_church,early_mid,ars_nouveau,2
idas:chests/ruined_fort/ruined_fort,early_mid,ars_nouveau,2
idas:chests/ruins_of_the_deep/ruins_basic,mid_late,ars_nouveau,2
idas:chests/ruins_of_the_deep/ruins_bedroom,mid_late,ars_nouveau,2
idas:chests/ruins_of_the_deep/ruins_create,mid_late,ars_nouveau,2
idas:chests/ruins_of_the_deep/ruins_food,mid_late,ars_nouveau,2
idas:chests/ruins_of_the_deep/ruins_library,mid_late,ars_nouveau,2
idas:chests/ruins_of_the_deep/ruins_ocean,mid_late,ars_nouveau,2
idas:chests/ruins_of_the_deep/ruins_tools,mid_late,ars_nouveau,2
idas:chests/ruins_of_the_deep/ruins_treasure,late,ars_nouveau,3
idas:chests/sirens_cove/sirens_cove,early_mid,ars_nouveau,2
idas:chests/sunken_ship/sunken_ship_supply,starter,ars_nouveau,2
idas:chests/sunken_ship/sunken_ship_treasure,late,ars_nouveau,3
idas:chests/the_log/the_log,early_mid,ars_nouveau,2
idas:chests/the_log/the_log_tools,early_mid,ars_nouveau,2
idas:chests/tinkers_citadel/tinkers_citadel,apex,ars_nouveau,3
idas:chests/tinkers_citadel/tinkers_citadel_bedroom,apex,ars_nouveau,3
idas:chests/tinkers_citadel/tinkers_citadel_create,apex,ars_nouveau,3
idas:chests/tinkers_citadel/tinkers_citadel_library,apex,ars_nouveau,3
idas:chests/tinkers_citadel/tinkers_citadel_tools,apex,ars_nouveau,3
idas:chests/tinkers_citadel/tinkers_citadel_vault,apex,ars_nouveau,3
idas:chests/tinkers_workshop/tinkers_workshop,early_mid,ars_nouveau,2
idas:chests/tinkers_workshop/tinkers_workshop_basic,early_mid,ars_nouveau,2
idas:chests/tinkers_workshop/tinkers_workshop_bedroom,early_mid,ars_nouveau,2
idas:chests/tinkers_workshop/tinkers_workshop_tools,early_mid,ars_nouveau,2
idas:chests/tinkers_workshop/tinkers_workshop_vault,late,ars_nouveau,3
idas:chests/train_ruins/train_ruins,mid_late,ars_nouveau,2
idas:chests/train_ruins/train_ruins_bedroom,mid_late,ars_nouveau,2
idas:chests/train_ruins/train_ruins_create,mid_late,ars_nouveau,2
idas:chests/tree_of_wisdom/tree_of_wisdom,early_mid,ars_nouveau,2
idas:chests/treetop_tavern/treetop_tavern,early_mid,ars_nouveau,2
idas:chests/treetop_tavern/treetop_tavern_bedroom,early_mid,ars_nouveau,2
idas:chests/treetop_tavern/treetop_tavern_food,early_mid,ars_nouveau,2
idas:chests/treetop_tavern/treetop_tavern_tools,early_mid,ars_nouveau,2
idas:chests/tudor_pub/tudor_pub_barrel,early_mid,ars_nouveau,2
idas:chests/tudor_pub/tudor_pub_bedroom,early_mid,ars_nouveau,2
idas:chests/tudor_pub/tudor_pub_kitchen,early_mid,ars_nouveau,2
idas:chests/tudor_pub/tudor_pub_storage,early_mid,ars_nouveau,2
idas:chests/tudor_pub/tudor_pub_treasure,late,ars_nouveau,3
idas:chests/wacky_wares/wacky_wares_animals,early_mid,ars_nouveau,2
idas:chests/wacky_wares/wacky_wares_create_machines,early_mid,ars_nouveau,2
idas:chests/wacky_wares/wacky_wares_crystals,early_mid,ars_nouveau,2
idas:chests/wacky_wares/wacky_wares_farming,early_mid,ars_nouveau,2
idas:chests/wacky_wares/wacky_wares_fishing,early_mid,ars_nouveau,2
idas:chests/wacky_wares/wacky_wares_furniture,early_mid,ars_nouveau,2
idas:chests/wacky_wares/wacky_wares_gardening,early_mid,ars_nouveau,2
idas:chests/wacky_wares/wacky_wares_kitchen,early_mid,ars_nouveau,2
idas:chests/wacky_wares/wacky_wares_mining,early_mid,ars_nouveau,2
idas:chests/wacky_wares/wacky_wares_misc,early_mid,ars_nouveau,2
idas:chests/wacky_wares/wacky_wares_storage,early_mid,ars_nouveau,2
idas:chests/wacky_wares/wacky_wares_store,early_mid,ars_nouveau,2
idas:chests/windswept_shrine/windswept_shrine,early_mid,ars_nouveau,2
idas:chests/winter_wagon/winter_wagon,early_mid,ars_nouveau,2
idas:chests/winter_wagon/winter_wagon_tools,early_mid,ars_nouveau,2
idas:chests/witches_treestump/witches_treestump,early_mid,ars_nouveau,2
idas:chests/wizardtower/wizardtower_basic,mid_late,irons_spellbooks,2
idas:chests/wizardtower/wizardtower_library,mid_late,irons_spellbooks,2
idas:chests/wizardtower/wizardtower_top,mid_late,irons_spellbooks,2
irons_spellbooks:chests/additional_ancient_city_loot,apex,irons_spellbooks,3
irons_spellbooks:chests/additional_end_city_loot,late,irons_spellbooks,3
irons_spellbooks:chests/additional_generic_loot,early_mid,irons_spellbooks,2
irons_spellbooks:chests/additional_good_loot,early_mid,irons_spellbooks,2
irons_spellbooks:chests/additional_library_loot,early_mid,irons_spellbooks,2
irons_spellbooks:chests/additional_nether_loot,early_mid,irons_spellbooks,2
irons_spellbooks:chests/additional_treasure_loot,late,irons_spellbooks,3
irons_spellbooks:chests/battleground/burial_loot,early_mid,irons_spellbooks,2
irons_spellbooks:chests/battleground/piglin_camp,early_mid,irons_spellbooks,2
irons_spellbooks:chests/bookshelf_loot,early_mid,irons_spellbooks,2
irons_spellbooks:chests/catacombs/armory_loot,early_mid,irons_spellbooks,2
irons_spellbooks:chests/catacombs/coffin_loot,early_mid,irons_spellbooks,2
irons_spellbooks:chests/catacombs/dead_king_vault,late,irons_spellbooks,3
irons_spellbooks:chests/catacombs/hidden_trough_treasure,late,irons_spellbooks,3
irons_spellbooks:chests/catacombs/pot,early_mid,irons_spellbooks,2
irons_spellbooks:chests/catacombs/wall_loot,early_mid,irons_spellbooks,2
irons_spellbooks:chests/citadel/citadel_bookshelf,apex,irons_spellbooks,3
irons_spellbooks:chests/citadel/citadel_tomes,apex,irons_spellbooks,3
irons_spellbooks:chests/citadel/citadel_vault,apex,irons_spellbooks,3
irons_spellbooks:chests/citadel/rampart_chest,apex,irons_spellbooks,3
irons_spellbooks:chests/citadel/rampart_supplies,apex,irons_spellbooks,3
irons_spellbooks:chests/citadel/spawner_reward,apex,irons_spellbooks,3
irons_spellbooks:chests/component_storage,early_mid,irons_spellbooks,2
irons_spellbooks:chests/evoker_fort,early_mid,irons_spellbooks,2
irons_spellbooks:chests/evoker_fort/guard_tower,mid_late,irons_spellbooks,2
irons_spellbooks:chests/filler_storage_loot,early_mid,irons_spellbooks,2
irons_spellbooks:chests/generic_magic_treasure,late,irons_spellbooks,3
irons_spellbooks:chests/ice_spider_den/basement,early_mid,irons_spellbooks,2
irons_spellbooks:chests/ice_spider_den/cask,early_mid,irons_spellbooks,2
irons_spellbooks:chests/ice_spider_den/dungeon,mid_late,irons_spellbooks,2
irons_spellbooks:chests/ice_spider_den/pot,early_mid,irons_spellbooks,2
irons_spellbooks:chests/ice_spider_den/spawner_reward,starter,irons_spellbooks,2
irons_spellbooks:chests/ice_spider_den/tower,mid_late,irons_spellbooks,2
irons_spellbooks:chests/impaled_icebreaker/captain_quarters,early_mid,irons_spellbooks,2
irons_spellbooks:chests/impaled_icebreaker/food_barrel,early_mid,irons_spellbooks,2
irons_spellbooks:chests/magic_bookshelf_loot,early_mid,irons_spellbooks,2
irons_spellbooks:chests/mangrove_hut,early_mid,irons_spellbooks,2
irons_spellbooks:chests/mangrove_hut/hidden_potion_storage,early_mid,irons_spellbooks,2
irons_spellbooks:chests/mangrove_hut/potion_ingredient_storage,early_mid,irons_spellbooks,2
irons_spellbooks:chests/mountain_tower/ice_barrel,mid_late,irons_spellbooks,2
irons_spellbooks:chests/mountain_tower/mountain_tower,mid_late,irons_spellbooks,2
irons_spellbooks:chests/priest_house,early_mid,irons_spellbooks,2
irons_spellbooks:chests/pyromancer_tower/burnt_chest,mid_late,irons_spellbooks,2
irons_spellbooks:chests/pyromancer_tower/fire_ale_cask,mid_late,irons_spellbooks,2
irons_spellbooks:chests/pyromancer_tower/fire_ale_trove,mid_late,irons_spellbooks,2
irons_spellbooks:chests/pyromancer_tower/old_cask,mid_late,irons_spellbooks,2
irons_spellbooks:chests/pyromancer_tower/pot,mid_late,irons_spellbooks,2
irons_spellbooks:chests/pyromancer_tower/pyromancer_basic_storage,mid_late,irons_spellbooks,2
irons_spellbooks:chests/pyromancer_tower/pyromancer_supplies,mid_late,irons_spellbooks,2
irons_spellbooks:chests/sewer_loot,early_mid,irons_spellbooks,2
irons_spellbooks:chests/trial_chambers/additional_ominous_spawner_consumable_loot,late,irons_spellbooks,3
irons_spellbooks:chests/trial_chambers/additional_ominous_vault_loot,late,irons_spellbooks,3
irons_spellbooks:chests/trial_chambers/additional_regular_spawner_consumable_loot,late,irons_spellbooks,3
irons_spellbooks:chests/trial_chambers/additional_regular_vault_loot,late,irons_spellbooks,3
irons_spellbooks:chests/trial_chambers/additional_trial_chest_loot,late,irons_spellbooks,3
irons_spellbooks:chests/trial_chambers/pot_replacement,late,irons_spellbooks,3
irons_spellbooks:chests/wheat,early_mid,irons_spellbooks,2
minecraft:chests/abandoned_mineshaft,mid,create,2
minecraft:chests/ancient_city,apex,ars_nouveau,3
minecraft:chests/bastion_treasure,apex,ars_nouveau,3
minecraft:chests/desert_pyramid,mid_late,ars_nouveau,2
minecraft:chests/end_city_treasure,apex,ars_nouveau,3
minecraft:chests/jungle_temple,late,ars_nouveau,3
minecraft:chests/nether_bridge,early_mid,ars_nouveau,2
minecraft:chests/simple_dungeon,mid_late,ars_nouveau,2
minecraft:chests/stronghold_corridor,late,ars_nouveau,3
minecraft:chests/stronghold_library,late,ars_nouveau,3
minecraft:chests/trial_chambers/reward,late,ars_nouveau,3
minecraft:chests/trial_chambers/reward_ominous,late,ars_nouveau,3
