loot_table_id,source_jar
cataclysm:chests/abandoned,L_Ender's Cataclysm 1.21.1-3.33.jar
cataclysm:chests/abandoned_treasure,L_Ender's Cataclysm 1.21.1-3.33.jar
cataclysm:chests/acropolis_treasure,L_Ender's Cataclysm 1.21.1-3.33.jar
cataclysm:chests/amethyst_nest_chest,L_Ender's Cataclysm 1.21.1-3.33.jar
cataclysm:chests/ancient_factory/ancient_factory,integrated_cataclysm-1.0.6+1.21.1-neoforge.jar
cataclysm:chests/burning_arena/burning_arena,integrated_cataclysm-1.0.6+1.21.1-neoforge.jar
cataclysm:chests/cursed_pyramid/cursed_pyramid,integrated_cataclysm-1.0.6+1.21.1-neoforge.jar
cataclysm:chests/cursed_pyramid/cursed_pyramid_library,integrated_cataclysm-1.0.6+1.21.1-neoforge.jar
cataclysm:chests/cursed_pyramid/cursed_pyramid_tomb,integrated_cataclysm-1.0.6+1.21.1-neoforge.jar
cataclysm:chests/cursed_pyramid/cursed_pyramid_treasure,integrated_cataclysm-1.0.6+1.21.1-neoforge.jar
cataclysm:chests/desert_treasure,L_Ender's Cataclysm 1.21.1-3.33.jar
cataclysm:chests/frosted_prison_treasure,L_Ender's Cataclysm 1.21.1-3.33.jar
cataclysm:chests/frosted_prison_treasure,integrated_cataclysm-1.0.6+1.21.1-neoforge.jar
cataclysm:chests/soul_black_smith/soul_black_smith,integrated_cataclysm-1.0.6+1.21.1-neoforge.jar
cataclysm:chests/sunken_city/sunken_city_library,integrated_cataclysm-1.0.6+1.21.1-neoforge.jar
cataclysm:chests/sunken_city/sunken_city_tools,integrated_cataclysm-1.0.6+1.21.1-neoforge.jar
cataclysm:chests/sunken_city/sunken_city_treasure,integrated_cataclysm-1.0.6+1.21.1-neoforge.jar
cataclysm_spellbooks:chests/additional_amethyst_nest_loot,cataclysm_spellbooks-1.1.14-1.21.jar
cataclysm_spellbooks:chests/additional_frosted_prison_loot,cataclysm_spellbooks-1.1.14-1.21.jar
idas:chests/abandonedhouse/abandonedhouse,idas-1.13.7+1.21.1-neoforge.jar
idas:chests/abandonedhouse/abandonedhouse_create,idas-1.13.7+1.21.1-neoforge.jar
idas:chests/abandonedhouse/abandonedhouse_library,idas-1.13.7+1.21.1-neoforge.jar
idas:chests/ancient_mines/minesbasic,idas-1.13.7+1.21.1-neoforge.jar
idas:chests/ancient_mines/minescreate,idas-1.13.7+1.21.1-neoforge.jar
idas:chests/ancient_mines/mineshall,idas-1.13.7+1.21.1-neoforge.jar
idas:chests/ancient_portal/ancient_portal_nether,idas-1.13.7+1.21.1-neoforge.jar
idas:chests/ancient_portal/ancient_portal_overworld,idas-1.13.7+1.21.1-neoforge.jar
idas:chests/ancient_statue/ancient_statue_jungle,idas-1.13.7+1.21.1-neoforge.jar
idas:chests/ancient_statue/ancient_statue_treasure_desert,idas-1.13.7+1.21.1-neoforge.jar
idas:chests/ancient_statue/ancient_statue_treasure_jungle,idas-1.13.7+1.21.1-neoforge.jar
idas:chests/ancient_statue/ancient_statue_treasure_plains,idas-1.13.7+1.21.1-neoforge.jar
idas:chests/apothecary_abode/apothecary_abode,idas-1.13.7+1.21.1-neoforge.jar
idas:chests/apothecary_abode/apothecary_abode_books,idas-1.13.7+1.21.1-neoforge.jar
idas:chests/archmages_tower/archmages_tower,idas-1.13.7+1.21.1-neoforge.jar
idas:chests/archmages_tower/archmages_tower_library,idas-1.13.7+1.21.1-neoforge.jar
idas:chests/archmages_tower/archmages_tower_treasure,idas-1.13.7+1.21.1-neoforge.jar
idas:chests/bazaar/bazaar,idas-1.13.7+1.21.1-neoforge.jar
idas:chests/bazaar/bazaar_food,idas-1.13.7+1.21.1-neoforge.jar
idas:chests/bazaar/bazaar_tools,idas-1.13.7+1.21.1-neoforge.jar
idas:chests/bearclaw_inn/bearclaw_inn_bedroom,idas-1.13.7+1.21.1-neoforge.jar
idas:chests/bearclaw_inn/bearclaw_inn_food,idas-1.13.7+1.21.1-neoforge.jar
idas:chests/beekeepers_house/beekeepers_bedroom,idas-1.13.7+1.21.1-neoforge.jar
idas:chests/beekeepers_house/beekeepers_food,idas-1.13.7+1.21.1-neoforge.jar
idas:chests/beekeepers_house/beekeepers_tools,idas-1.13.7+1.21.1-neoforge.jar
idas:chests/botanist/botanist,idas-1.13.7+1.21.1-neoforge.jar
idas:chests/botanist/botanist_bedroom,idas-1.13.7+1.21.1-neoforge.jar
idas:chests/botanist/botanist_food,idas-1.13.7+1.21.1-neoforge.jar
idas:chests/brickhouse/brickhouse,idas-1.13.7+1.21.1-neoforge.jar
idas:chests/brickhouse/brickhouse_library,idas-1.13.7+1.21.1-neoforge.jar
idas:chests/brickhouse/brickhouse_windmill,idas-1.13.7+1.21.1-neoforge.jar
idas:chests/castle/castle,idas-1.13.7+1.21.1-neoforge.jar
idas:chests/castle/castle_bedroom,idas-1.13.7+1.21.1-neoforge.jar
idas:chests/castle/castle_food,idas-1.13.7+1.21.1-neoforge.jar
idas:chests/castle/castle_library,idas-1.13.7+1.21.1-neoforge.jar
idas:chests/castle/castle_throne,idas-1.13.7+1.21.1-neoforge.jar
idas:chests/collectors_museum/museum_basic,idas-1.13.7+1.21.1-neoforge.jar
idas:chests/collectors_museum/museum_bedroom,idas-1.13.7+1.21.1-neoforge.jar
idas:chests/collectors_museum/museum_farm,idas-1.13.7+1.21.1-neoforge.jar
idas:chests/collectors_museum/museum_food,idas-1.13.7+1.21.1-neoforge.jar
idas:chests/collectors_museum/museum_jail,idas-1.13.7+1.21.1-neoforge.jar
idas:chests/collectors_museum/museum_library,idas-1.13.7+1.21.1-neoforge.jar
idas:chests/collectors_museum/museum_space,idas-1.13.7+1.21.1-neoforge.jar
idas:chests/collectors_museum/museum_treasure,idas-1.13.7+1.21.1-neoforge.jar
idas:chests/cottage/cottage,idas-1.13.7+1.21.1-neoforge.jar
idas:chests/desert_pyramid/desert_pyramid,idas-1.13.7+1.21.1-neoforge.jar
idas:chests/desert_pyramid/desert_pyramid_library,idas-1.13.7+1.21.1-neoforge.jar
idas:chests/desert_pyramid/desert_pyramid_surface,idas-1.13.7+1.21.1-neoforge.jar
idas:chests/desert_pyramid/desert_pyramid_tomb,idas-1.13.7+1.21.1-neoforge.jar
idas:chests/desert_pyramid/desert_pyramid_tools,idas-1.13.7+1.21.1-neoforge.jar
idas:chests/desert_pyramid/desert_pyramid_treasure,idas-1.13.7+1.21.1-neoforge.jar
idas:chests/dig_site/dig_site,idas-1.13.7+1.21.1-neoforge.jar
idas:chests/dig_site/dig_site_desert,idas-1.13.7+1.21.1-neoforge.jar
idas:chests/dig_site/dig_site_tools,idas-1.13.7+1.21.1-neoforge.jar
idas:chests/dig_site/dig_site_treasure,idas-1.13.7+1.21.1-neoforge.jar
idas:chests/dread_citadel/dread_citadel,idas-1.13.7+1.21.1-neoforge.jar
idas:chests/dread_citadel/dread_citadel_library,idas-1.13.7+1.21.1-neoforge.jar
idas:chests/dread_citadel/dread_citadel_throne,idas-1.13.7+1.21.1-neoforge.jar
idas:chests/enchantingtower/enchantingtower_basic,idas-1.13.7+1.21.1-neoforge.jar
idas:chests/enchantingtower/enchantingtower_basic_ars,idas-1.13.7+1.21.1-neoforge.jar
idas:chests/enchantingtower/enchantingtower_library,idas-1.13.7+1.21.1-neoforge.jar
idas:chests/enchantingtower/enchantingtower_top,idas-1.13.7+1.21.1-neoforge.jar
idas:chests/enchantingtower/enchantingtower_top_ars,idas-1.13.7+1.21.1-neoforge.jar
idas:chests/farmhouse/farmhouse,idas-1.13.7+1.21.1-neoforge.jar
idas:chests/farmhouse/farmhouse_bedroom,idas-1.13.7+1.21.1-neoforge.jar
idas:chests/farmhouse/farmhouse_food,idas-1.13.7+1.21.1-neoforge.jar
idas:chests/farmhouse/farmhouse_mill,idas-1.13.7+1.21.1-neoforge.jar
idas:chests/fishermans_lodge/fishermans_lodge,idas-1.13.7+1.21.1-neoforge.jar
idas:chests/fishermans_lodge/fishermans_lodge_tools,idas-1.13.7+1.21.1-neoforge.jar
idas:chests/frozen_crypt/frozen_crypt,idas-1.13.7+1.21.1-neoforge.jar
idas:chests/haunted_manor/haunted_manor,idas-1.13.7+1.21.1-neoforge.jar
idas:chests/haunted_manor/haunted_manor_library,idas-1.13.7+1.21.1-neoforge.jar
idas:chests/haunted_manor/haunted_manor_tools,idas-1.13.7+1.21.1-neoforge.jar
idas:chests/haunted_manor/haunted_manor_treasure,idas-1.13.7+1.21.1-neoforge.jar
idas:chests/haunted_manor/if_haunted_manor,idas-1.13.7+1.21.1-neoforge.jar
idas:chests/hermits_hollow/hollow_bedroom,idas-1.13.7+1.21.1-neoforge.jar
idas:chests/hermits_hollow/hollow_food,idas-1.13.7+1.21.1-neoforge.jar
idas:chests/hunters_cabin/hunters_cabin,idas-1.13.7+1.21.1-neoforge.jar
idas:chests/hunters_cabin/hunters_cabin_library,idas-1.13.7+1.21.1-neoforge.jar
idas:chests/hunters_cabin/hunters_cabin_tools,idas-1.13.7+1.21.1-neoforge.jar
idas:chests/labyrinth/if_labyrinth_tomb,idas-1.13.7+1.21.1-neoforge.jar
idas:chests/labyrinth/labyrinth,idas-1.13.7+1.21.1-neoforge.jar
idas:chests/labyrinth/labyrinth_croc,idas-1.13.7+1.21.1-neoforge.jar
idas:chests/labyrinth/labyrinth_library,idas-1.13.7+1.21.1-neoforge.jar
idas:chests/labyrinth/labyrinth_tomb,idas-1.13.7+1.21.1-neoforge.jar
idas:chests/labyrinth/labyrinth_treasure,idas-1.13.7+1.21.1-neoforge.jar
idas:chests/mason_house/mason_house,idas-1.13.7+1.21.1-neoforge.jar
idas:chests/mason_house/mason_house_bedroom,idas-1.13.7+1.21.1-neoforge.jar
idas:chests/mason_house/mason_house_food,idas-1.13.7+1.21.1-neoforge.jar
idas:chests/necromancers_spire/necromancers_spire,idas-1.13.7+1.21.1-neoforge.jar
idas:chests/nexus/nexus,idas-1.13.7+1.21.1-neoforge.jar
idas:chests/pillager_camp/pillager_camp,idas-1.13.7+1.21.1-neoforge.jar
idas:chests/pillager_fortress/pillager_basic,idas-1.13.7+1.21.1-neoforge.jar
idas:chests/pillager_fortress/pillager_bedroom,idas-1.13.7+1.21.1-neoforge.jar
idas:chests/pillager_fortress/pillager_jail,idas-1.13.7+1.21.1-neoforge.jar
idas:chests/pillager_fortress/pillager_library,idas-1.13.7+1.21.1-neoforge.jar
idas:chests/pumpkin_cafe/pumpkin_cafe,idas-1.13.7+1.21.1-neoforge.jar
idas:chests/pumpkin_cafe/pumpkin_cafe_bedroom,idas-1.13.7+1.21.1-neoforge.jar
idas:chests/pumpkin_cafe/pumpkin_cafe_kitchen,idas-1.13.7+1.21.1-neoforge.jar
idas:chests/pumpkin_cafe/pumpkin_cafe_storage,idas-1.13.7+1.21.1-neoforge.jar
idas:chests/pumpkin_cafe/pumpkin_cafe_treasure,idas-1.13.7+1.21.1-neoforge.jar
idas:chests/redhorn_guild/redhorn_guild,idas-1.13.7+1.21.1-neoforge.jar
idas:chests/redhorn_guild/redhorn_guild_bedroom,idas-1.13.7+1.21.1-neoforge.jar
idas:chests/redhorn_guild/redhorn_guild_tools,idas-1.13.7+1.21.1-neoforge.jar
idas:chests/ruined_church/ruined_church,idas-1.13.7+1.21.1-neoforge.jar
idas:chests/ruined_fort/ruined_fort,idas-1.13.7+1.21.1-neoforge.jar
idas:chests/ruins_of_the_deep/ruins_basic,idas-1.13.7+1.21.1-neoforge.jar
idas:chests/ruins_of_the_deep/ruins_bedroom,idas-1.13.7+1.21.1-neoforge.jar
idas:chests/ruins_of_the_deep/ruins_create,idas-1.13.7+1.21.1-neoforge.jar
idas:chests/ruins_of_the_deep/ruins_food,idas-1.13.7+1.21.1-neoforge.jar
idas:chests/ruins_of_the_deep/ruins_library,idas-1.13.7+1.21.1-neoforge.jar
idas:chests/ruins_of_the_deep/ruins_ocean,idas-1.13.7+1.21.1-neoforge.jar
idas:chests/ruins_of_the_deep/ruins_tools,idas-1.13.7+1.21.1-neoforge.jar
idas:chests/ruins_of_the_deep/ruins_treasure,idas-1.13.7+1.21.1-neoforge.jar
idas:chests/sirens_cove/sirens_cove,idas-1.13.7+1.21.1-neoforge.jar
idas:chests/sunken_ship/sunken_ship_supply,idas-1.13.7+1.21.1-neoforge.jar
idas:chests/sunken_ship/sunken_ship_treasure,idas-1.13.7+1.21.1-neoforge.jar
idas:chests/the_log/the_log,idas-1.13.7+1.21.1-neoforge.jar
idas:chests/the_log/the_log_tools,idas-1.13.7+1.21.1-neoforge.jar
idas:chests/tinkers_citadel/tinkers_citadel,idas-1.13.7+1.21.1-neoforge.jar
idas:chests/tinkers_citadel/tinkers_citadel_bedroom,idas-1.13.7+1.21.1-neoforge.jar
idas:chests/tinkers_citadel/tinkers_citadel_create,idas-1.13.7+1.21.1-neoforge.jar
idas:chests/tinkers_citadel/tinkers_citadel_library,idas-1.13.7+1.21.1-neoforge.jar
idas:chests/tinkers_citadel/tinkers_citadel_tools,idas-1.13.7+1.21.1-neoforge.jar
idas:chests/tinkers_citadel/tinkers_citadel_vault,idas-1.13.7+1.21.1-neoforge.jar
idas:chests/tinkers_workshop/tinkers_workshop,idas-1.13.7+1.21.1-neoforge.jar
idas:chests/tinkers_workshop/tinkers_workshop_basic,idas-1.13.7+1.21.1-neoforge.jar
idas:chests/tinkers_workshop/tinkers_workshop_bedroom,idas-1.13.7+1.21.1-neoforge.jar
idas:chests/tinkers_workshop/tinkers_workshop_tools,idas-1.13.7+1.21.1-neoforge.jar
idas:chests/tinkers_workshop/tinkers_workshop_vault,idas-1.13.7+1.21.1-neoforge.jar
idas:chests/train_ruins/train_ruins,idas-1.13.7+1.21.1-neoforge.jar
idas:chests/train_ruins/train_ruins_bedroom,idas-1.13.7+1.21.1-neoforge.jar
idas:chests/train_ruins/train_ruins_create,idas-1.13.7+1.21.1-neoforge.jar
idas:chests/tree_of_wisdom/tree_of_wisdom,idas-1.13.7+1.21.1-neoforge.jar
idas:chests/treetop_tavern/treetop_tavern,idas-1.13.7+1.21.1-neoforge.jar
idas:chests/treetop_tavern/treetop_tavern_bedroom,idas-1.13.7+1.21.1-neoforge.jar
idas:chests/treetop_tavern/treetop_tavern_food,idas-1.13.7+1.21.1-neoforge.jar
idas:chests/treetop_tavern/treetop_tavern_tools,idas-1.13.7+1.21.1-neoforge.jar
idas:chests/tudor_pub/tudor_pub_barrel,idas-1.13.7+1.21.1-neoforge.jar
idas:chests/tudor_pub/tudor_pub_bedroom,idas-1.13.7+1.21.1-neoforge.jar
idas:chests/tudor_pub/tudor_pub_kitchen,idas-1.13.7+1.21.1-neoforge.jar
idas:chests/tudor_pub/tudor_pub_storage,idas-1.13.7+1.21.1-neoforge.jar
idas:chests/tudor_pub/tudor_pub_treasure,idas-1.13.7+1.21.1-neoforge.jar
idas:chests/wacky_wares/wacky_wares_animals,idas-1.13.7+1.21.1-neoforge.jar
idas:chests/wacky_wares/wacky_wares_create_machines,idas-1.13.7+1.21.1-neoforge.jar
idas:chests/wacky_wares/wacky_wares_crystals,idas-1.13.7+1.21.1-neoforge.jar
idas:chests/wacky_wares/wacky_wares_farming,idas-1.13.7+1.21.1-neoforge.jar
idas:chests/wacky_wares/wacky_wares_fishing,idas-1.13.7+1.21.1-neoforge.jar
idas:chests/wacky_wares/wacky_wares_furniture,idas-1.13.7+1.21.1-neoforge.jar
idas:chests/wacky_wares/wacky_wares_gardening,idas-1.13.7+1.21.1-neoforge.jar
idas:chests/wacky_wares/wacky_wares_kitchen,idas-1.13.7+1.21.1-neoforge.jar
idas:chests/wacky_wares/wacky_wares_mining,idas-1.13.7+1.21.1-neoforge.jar
idas:chests/wacky_wares/wacky_wares_misc,idas-1.13.7+1.21.1-neoforge.jar
idas:chests/wacky_wares/wacky_wares_storage,idas-1.13.7+1.21.1-neoforge.jar
idas:chests/wacky_wares/wacky_wares_store,idas-1.13.7+1.21.1-neoforge.jar
idas:chests/windswept_shrine/windswept_shrine,idas-1.13.7+1.21.1-neoforge.jar
idas:chests/winter_wagon/winter_wagon,idas-1.13.7+1.21.1-neoforge.jar
idas:chests/winter_wagon/winter_wagon_tools,idas-1.13.7+1.21.1-neoforge.jar
idas:chests/witches_treestump/witches_treestump,idas-1.13.7+1.21.1-neoforge.jar
idas:chests/wizardtower/wizardtower_basic,idas-1.13.7+1.21.1-neoforge.jar
idas:chests/wizardtower/wizardtower_library,idas-1.13.7+1.21.1-neoforge.jar
idas:chests/wizardtower/wizardtower_top,idas-1.13.7+1.21.1-neoforge.jar
irons_spellbooks:chests/additional_ancient_city_loot,irons_spellbooks-1.21.1-3.16.3.jar
irons_spellbooks:chests/additional_end_city_loot,irons_spellbooks-1.21.1-3.16.3.jar
irons_spellbooks:chests/additional_generic_loot,irons_spellbooks-1.21.1-3.16.3.jar
irons_spellbooks:chests/additional_good_loot,irons_spellbooks-1.21.1-3.16.3.jar
irons_spellbooks:chests/additional_library_loot,irons_spellbooks-1.21.1-3.16.3.jar
irons_spellbooks:chests/additional_nether_loot,irons_spellbooks-1.21.1-3.16.3.jar
irons_spellbooks:chests/additional_treasure_loot,irons_spellbooks-1.21.1-3.16.3.jar
irons_spellbooks:chests/battleground/burial_loot,irons_spellbooks-1.21.1-3.16.3.jar
irons_spellbooks:chests/battleground/piglin_camp,irons_spellbooks-1.21.1-3.16.3.jar
irons_spellbooks:chests/bookshelf_loot,irons_spellbooks-1.21.1-3.16.3.jar
irons_spellbooks:chests/catacombs/armory_loot,irons_spellbooks-1.21.1-3.16.3.jar
irons_spellbooks:chests/catacombs/coffin_loot,irons_spellbooks-1.21.1-3.16.3.jar
irons_spellbooks:chests/catacombs/dead_king_vault,irons_spellbooks-1.21.1-3.16.3.jar
irons_spellbooks:chests/catacombs/hidden_trough_treasure,irons_spellbooks-1.21.1-3.16.3.jar
irons_spellbooks:chests/catacombs/pot,irons_spellbooks-1.21.1-3.16.3.jar
irons_spellbooks:chests/catacombs/wall_loot,irons_spellbooks-1.21.1-3.16.3.jar
irons_spellbooks:chests/citadel/citadel_bookshelf,irons_spellbooks-1.21.1-3.16.3.jar
irons_spellbooks:chests/citadel/citadel_tomes,irons_spellbooks-1.21.1-3.16.3.jar
irons_spellbooks:chests/citadel/citadel_vault,irons_spellbooks-1.21.1-3.16.3.jar
irons_spellbooks:chests/citadel/rampart_chest,irons_spellbooks-1.21.1-3.16.3.jar
irons_spellbooks:chests/citadel/rampart_supplies,irons_spellbooks-1.21.1-3.16.3.jar
irons_spellbooks:chests/citadel/spawner_reward,irons_spellbooks-1.21.1-3.16.3.jar
irons_spellbooks:chests/component_storage,irons_spellbooks-1.21.1-3.16.3.jar
irons_spellbooks:chests/evoker_fort,irons_spellbooks-1.21.1-3.16.3.jar
irons_spellbooks:chests/evoker_fort/guard_tower,irons_spellbooks-1.21.1-3.16.3.jar
irons_spellbooks:chests/filler_storage_loot,irons_spellbooks-1.21.1-3.16.3.jar
irons_spellbooks:chests/generic_magic_treasure,irons_spellbooks-1.21.1-3.16.3.jar
irons_spellbooks:chests/ice_spider_den/basement,irons_spellbooks-1.21.1-3.16.3.jar
irons_spellbooks:chests/ice_spider_den/cask,irons_spellbooks-1.21.1-3.16.3.jar
irons_spellbooks:chests/ice_spider_den/dungeon,irons_spellbooks-1.21.1-3.16.3.jar
irons_spellbooks:chests/ice_spider_den/pot,irons_spellbooks-1.21.1-3.16.3.jar
irons_spellbooks:chests/ice_spider_den/spawner_reward,irons_spellbooks-1.21.1-3.16.3.jar
irons_spellbooks:chests/ice_spider_den/tower,irons_spellbooks-1.21.1-3.16.3.jar
irons_spellbooks:chests/impaled_icebreaker/captain_quarters,irons_spellbooks-1.21.1-3.16.3.jar
irons_spellbooks:chests/impaled_icebreaker/food_barrel,irons_spellbooks-1.21.1-3.16.3.jar
irons_spellbooks:chests/magic_bookshelf_loot,irons_spellbooks-1.21.1-3.16.3.jar
irons_spellbooks:chests/mangrove_hut,irons_spellbooks-1.21.1-3.16.3.jar
irons_spellbooks:chests/mangrove_hut/hidden_potion_storage,irons_spellbooks-1.21.1-3.16.3.jar
irons_spellbooks:chests/mangrove_hut/potion_ingredient_storage,irons_spellbooks-1.21.1-3.16.3.jar
irons_spellbooks:chests/mountain_tower/ice_barrel,irons_spellbooks-1.21.1-3.16.3.jar
irons_spellbooks:chests/mountain_tower/mountain_tower,irons_spellbooks-1.21.1-3.16.3.jar
irons_spellbooks:chests/priest_house,irons_spellbooks-1.21.1-3.16.3.jar
irons_spellbooks:chests/pyromancer_tower/burnt_chest,irons_spellbooks-1.21.1-3.16.3.jar
irons_spellbooks:chests/pyromancer_tower/fire_ale_cask,irons_spellbooks-1.21.1-3.16.3.jar
irons_spellbooks:chests/pyromancer_tower/fire_ale_trove,irons_spellbooks-1.21.1-3.16.3.jar
irons_spellbooks:chests/pyromancer_tower/old_cask,irons_spellbooks-1.21.1-3.16.3.jar
irons_spellbooks:chests/pyromancer_tower/pot,irons_spellbooks-1.21.1-3.16.3.jar
irons_spellbooks:chests/pyromancer_tower/pyromancer_basic_storage,irons_spellbooks-1.21.1-3.16.3.jar
irons_spellbooks:chests/pyromancer_tower/pyromancer_supplies,irons_spellbooks-1.21.1-3.16.3.jar
irons_spellbooks:chests/sewer_loot,irons_spellbooks-1.21.1-3.16.3.jar
irons_spellbooks:chests/trial_chambers/additional_ominous_spawner_consumable_loot,irons_spellbooks-1.21.1-3.16.3.jar
irons_spellbooks:chests/trial_chambers/additional_ominous_vault_loot,irons_spellbooks-1.21.1-3.16.3.jar
irons_spellbooks:chests/trial_chambers/additional_regular_spawner_consumable_loot,irons_spellbooks-1.21.1-3.16.3.jar
irons_spellbooks:chests/trial_chambers/additional_regular_vault_loot,irons_spellbooks-1.21.1-3.16.3.jar
irons_spellbooks:chests/trial_chambers/additional_trial_chest_loot,irons_spellbooks-1.21.1-3.16.3.jar
irons_spellbooks:chests/trial_chambers/pot_replacement,irons_spellbooks-1.21.1-3.16.3.jar
irons_spellbooks:chests/wheat,irons_spellbooks-1.21.1-3.16.3.jar
minecraft:chests/abandoned_mineshaft,vanilla
minecraft:chests/ancient_city,vanilla
minecraft:chests/bastion_treasure,vanilla
minecraft:chests/desert_pyramid,vanilla
minecraft:chests/end_city_treasure,vanilla
minecraft:chests/jungle_temple,vanilla
minecraft:chests/nether_bridge,vanilla
minecraft:chests/simple_dungeon,vanilla
minecraft:chests/stronghold_corridor,vanilla
minecraft:chests/stronghold_library,vanilla
minecraft:chests/trial_chambers/reward,vanilla
minecraft:chests/trial_chambers/reward_ominous,vanilla
